user_identifier,address,created,login_methods
wipasrichum@gmail.com,0x9e0d7062D48fC072d74E7Ef549eDd0d2B78812DC,"Jan 26, 2025",email
wanpen1116pong@gmail.com,0xd3F13CC9A689e09ab637A7aD98c368ceFD465a10,"Jan 25, 2025",email
tidanoipg@gmail.com,0x595a4c6eFdE1b846c37b4bB6872AA7bE96b2d4ED,"Jan 24, 2025",email
detrit.stt@gmail.com,0x2221575842e106C5Ed632cbafFe8D9a5FD4fD052,"Jan 20, 2025",email
penthamonrex@gmail.com,0x4B8083083D3029297B5a8927c41E338BB1A1C100,"Jan 20, 2025",email
ttreethep14111943@gmail.com,0xd7e10c13D4014942a7fdFA5690a1f06007B52f12,"Jan 18, 2025",email
sumittrasaeow@gmail.com,0xE50A391463238c49c9449aF78e15Dd02c14F51bC,"Jan 18, 2025",email
aninchana1171@gmail.com,0xb7d69cC4d2b9f3ADCeBa73a5419A3FF55721c76d,"Jan 18, 2025",email
tanyapattaraporn@gmail.com,0xBaD5bf139F92F0b516D9188D3026d7c63f2242dF,"Jan 18, 2025",email
idolrole@gmail.com,0x3f27D84537fc84cAc00353FC385BD1Da04aBafD1,"Jan 18, 2025",email
pichitchaipum@gmail.com,0xb9cB4e7C1174877C9D06A7D519eD0edcf97E4DbF,"Jan 18, 2025",email
narikara92@gmail.com,0x3BB1bBC33C1Bdb751A7B00B18Ad9dD9B88e7e618,"Jan 18, 2025",email
kaemnuan789@proton.me,0x12552583Bf58694D92BBb2963A85ef1a835A1BB8,"Jan 18, 2025",email
jpattarapol62@gmail.com,0xd94Ef33c0f5CA65B1d22059d82c1C8a8b785c76E,"Jan 18, 2025",email
nat6496@gmail.com,0x1feCc92383B1cEbcf1A3e9b2f90452ead0fc864a,"Jan 17, 2025",email
sunyapakorn.1958@gmail.com,0x0a11986fd85AAe898Ee34757eBbA93454647C63D,"Jan 17, 2025",email
kitkankw1963@gmail.com,0x3C313902fC12973269cE134C83A6AeBc2B74BE59,"Jan 17, 2025",email
pimwipak4@gmail.com,0x849A4EE9455d93Cb9Ac3932056faba3Cf341b080,"Jan 17, 2025",email
katawut.paramee@gmail.com,0xE044Ef9C25997Fb463A9637F96B15d4F89E6B8e2,"Jan 12, 2025",email
katawut@mail.com,0x12E43878Ab2a41ACA0545a7dCa3536D92e16E8b7,"Jan 12, 2025",email
wwwhhhaaannnx@gmail.com,0x6DbB744ba4845E401E0A85629402EA3B3Fa8b29A,"Jan 24, 2025",email
wipasrichum8989@gmail.com,0xD3e46C2406A91e89B2D6f80E730AF17dAFc6b44b,"Jan 24, 2025",email
scheiychu@gmail.com,0xd1213BBbBed9f87015aD66c27762A1B839d78ddf,"Jan 22, 2025",email
wilai.pj70@gmail.com,0x98BC5E8eb49A3578CeeEa07e3ACEAeA56884DD62,"Jan 20, 2025",email
sayanintarapak14@gmail.com,0xc5D27268E858fAB26CFA2bd29511E214D9d8f779,"Jan 18, 2025",email
laohasuwan@gmail.com,0x284B0577D6da27E4414e97dAdc82b9E3a0aaFd6D,"Jan 18, 2025",email
nopsomdejji123@gmail.com,0x183f727B78E66d27006e1FD3eb07FB2FFaD09e49,"Jan 18, 2025",email
nath.pesseerat@gmail.com,0xBF92ba13Ee8E5C52CBf6c0292613daDC634B4346,"Jan 18, 2025",email
soponsaekee@gmail.com,0x62f38eD6e9a042aE853480B563f0cBe858Ac13C3,"Jan 18, 2025",email
saintfah7@gmail.com,0xfcb7d48a0826c163de65374011Dd91563CC79f29,"Jan 17, 2025",email